id;semaine;rang;role;phase;titre;sous_titre;objectif;durees;lieux;voiture;materiel;energie_parent;mouvement;moments;humeurs;anti_refus;pilier;piliers_secondaires;a_garder;amorce;deroule;ecran;a_eviter;ce_que_vous_allez_voir;debrief;pour_finir;pourquoi;sources;origine;statut
"ACT-0101";"1";"1";"decouvrir";"ANCRER";"Les trois choses";"Séance 1 · Reconnaître ses forces";"Votre enfant entend ce qu'il fait bien, avec la preuve.";"10|20|30";"maison";"non";"aucun";"basse";"assis";"soir|week-end";"disponible|fatigue|renfrogne";"oui";"P6";"P3";"forces: Ses trois forces, et le moment où vous les avez vues";"« J'ai remarqué trois choses sur toi cette semaine. Tu veux les entendre ? »";"Nommez une chose qu'il fait bien. Une action, jamais une qualité. | Dites la fois exacte où vous l'avez vu la faire. | Recommencez. Trois au total. | Demandez : « Laquelle te surprend le plus ? »";"Une chose qu'il fait bien. Une action. | La fois exacte où vous l'avez vue. | Encore. Trois au total. | « Laquelle te surprend le plus ? »";"Ne dites pas « tu es gentil » ou « tu es intelligent » : dites ce qu'il a **fait**, pas ce qu'il **est**. | N'ajoutez aucun « et si tu faisais ça plus souvent ». | Ne lui demandez rien en retour ce soir.";"Il va probablement minimiser, ou contester. C'est le signe que ça marche : personne ne lui avait encore dit ça avec un exemple précis à l'appui.";"[vecu] « Qu'est-ce que ça t'a fait, d'entendre ça ? » | [fait] « Il y en a une que tu aurais dite toi-même ? »";"« C'est tout. Je voulais juste que tu les entendes. »";"Une force nommée en l'air ne convainc personne. Ancrée dans un moment précis, elle devient une information sur soi que l'enfant peut garder.";"Peterson, C. & Seligman, M. E. P. (2004). Character Strengths and Virtues: A Handbook and Classification. Oxford University Press (A) | Park, N. & Peterson, C. (2006). Moral competence and character strengths among adolescents. Journal of Adolescence, 29(6) (A) | Quinlan, D., Swain, N. & Vella-Brodrick, D. A. (2012). Character strengths interventions: Building on what we know for improved outcomes. Journal of Happiness Studies, 13 (A) | Mueller, C. M. & Dweck, C. S. (1998). Praise for intelligence can undermine children's motivation and performance. Journal of Personality and Social Psychology, 75(1) (A)";"Étalon du 22/09 · adapté des cartes A01, B01, C01";"revu"
"ACT-0102";"1";"2";"pratiquer";"ANCRER";"Dix minutes, tu décides";"Séance 1 · Alliance";"Votre enfant décide, vous suivez. C'est tout.";"10|20|30";"partout";"non";"aucun";"moyenne";"debout";"apres-ecole|soir|week-end";"agite|renfrogne|disponible";"oui";"P1";"P3";"choix: Ce qu'il a choisi quand il a eu le choix";"« Pendant {duree}, je suis à toi, et c'est toi qui décides ce qu'on fait. »";"Il choisit l'activité. Vous ne proposez rien, même s'il hésite. | Vous jouez avec lui. Vous ne dirigez pas. | Une seule fois, nommez ce que vous voyez : « là, tu viens de recommencer. » | À la fin : « C'était ton idée. C'était bien. »";"Il choisit. Vous ne proposez rien. | Vous jouez. Vous ne dirigez pas. | Une fois : nommez ce que vous voyez. | « C'était ton idée. C'était bien. »";"**Ne posez aucune question.** Pas même « tu t'amuses ? ». | Ne donnez aucun ordre, même gentil, même déguisé en suggestion. | Ne corrigez rien. Pas même une règle appliquée de travers.";"Il va tester si vous allez reprendre le contrôle. Souvent en choisissant quelque chose de bête. Tenez jusqu'au bout : c'est le test, et le passer est tout l'objet de l'activité.";"[vecu] « C'était comment, de décider ? » | [fait] « Qu'est-ce que tu as choisi, et pourquoi celui-là ? »";"« On refera ça. Et ce sera encore toi qui choisis. »";"Laisser l'enfant diriger un moment court et borné est l'un des formats les mieux documentés du travail parent-enfant. Ne pas poser de questions et ne pas corriger n'est pas de la passivité : c'est le mécanisme actif.";"Eyberg, S. M. & Funderburk, B. (2011). Parent-Child Interaction Therapy Protocol. PCIT International (A) | Thomas, R. & Zimmer-Gembeck, M. J. (2007). Behavioral outcomes of Parent-Child Interaction Therapy and Triple P. Journal of Abnormal Child Psychology, 35(3) (A) | Ryan, R. M. & Deci, E. L. (2000). Self-determination theory and the facilitation of intrinsic motivation. American Psychologist, 55(1) (A) | Transposition du special time aux 8–17 ans (B)";"Étalon du 22/09 · format « special time » (PCIT) · cartes A33, C33";"revu"
"ACT-0103";"1";"3";"ancrer";"ANCRER";"Ton rêve de l'année";"Séance 1 · Ce qu'il vise";"Votre enfant formule, en une phrase, ce qu'il veut réussir cette année.";"10|20";"voiture|maison|exterieur";"oui";"aucun";"basse";"assis";"apres-ecole|soir|indifferent";"disponible|fatigue";"non";"P1";"P6";"reve: Son rêve de l'année, dans ses mots";"« J'ai une question, et je n'ai pas la réponse. »";"« Cette année, il y a un truc que tu aimerais réussir. C'est quoi ? » | Laissez le silence. Même long. Surtout long. | S'il donne un résultat (« gagner »), demandez : « et pour y arriver, tu ferais quoi ? » | Faites-le redire en une seule phrase. C'est la sienne, pas la vôtre.";"« Un truc que tu aimerais réussir cette année ? » | Silence. Même long. | « Et pour y arriver, tu ferais quoi ? » | Une seule phrase. La sienne.";"Ne reformulez pas « mieux » que lui. La phrase doit rester dans ses mots. | Ne négociez pas l'ambition, ni vers le haut, ni vers le bas. | N'enchaînez pas sur ce qu'il faudrait faire dès demain.";"Beaucoup d'enfants n'ont jamais eu à répondre à cette question. Un silence de trente secondes n'est pas un refus : c'est la première fois qu'il y pense.";"[vecu] « Ça fait quoi, de le dire à voix haute ? » | [fait] « Si tu y arrives, tu le sauras comment ? »";"« Je la garde, ta phrase. On la ressortira. »";"Un but formulé par l'enfant lui-même n'a pas le même effet qu'un but fixé pour lui. C'est le point de départ de toute la semaine 2.";"Deci, E. L. & Ryan, R. M. (2000). The « what » and « why » of goal pursuits. Psychological Inquiry, 11(4) (A) | Sheldon, K. M. & Elliot, A. J. (1999). Goal striving, need satisfaction, and longitudinal well-being: the self-concordance model. Journal of Personality and Social Psychology, 76(3) (A)";"Étalon du 22/09 · Méthode S1 (rêve de saison) · carte C02";"revu"
"ACT-0201";"2";"1";"decouvrir";"ANCRER";"Ce qui dépend de toi";"Séance 2 · Objectif de résultat, objectif d'effort";"Votre enfant distingue ce qu'il contrôle de ce qu'il ne contrôle pas.";"10|20|30";"maison";"non";"papier|crayon";"basse";"assis";"soir|week-end";"disponible|fatigue";"non";"P7";"P1|P4";"objectif: Son objectif, version « ce qui dépend de moi »";"« Ton rêve de l'année, on va le couper en deux. Je t'explique, c'est rapide. »";"Relisez sa phrase de la semaine dernière, dans ses mots. | Tracez deux colonnes : « ça dépend de moi » · « ça ne dépend pas de moi ». | Il range tout ce qui compte pour y arriver dans une colonne ou l'autre. | Il entoure une seule chose de la colonne « de moi ». C'est son objectif.";"Relisez sa phrase de la semaine dernière. | Deux colonnes : de moi · pas de moi. | Il range tout. Vous ne rangez rien. | Il entoure une chose « de moi ».";"Ne rangez rien à sa place, même quand il se trompe de colonne. | Ne remplacez pas son objectif par un « meilleur ». | Ne transformez pas la colonne « pas de moi » en reproche (« l'arbitre, c'est une excuse »).";"Il va d'abord tout mettre dans « ça ne dépend pas de moi » : le prof, l'équipe, la chance. Puis, en cherchant, la colonne de gauche se remplit. C'est ce déplacement que l'activité fabrique.";"[vecu] « Qu'est-ce que ça fait, de voir tes deux colonnes ? » | [fait] « Comment t'as choisi celle que t'as entourée ? » | [ailleurs] « Pour un examen à l'école, tu mettrais quoi dans la colonne “de moi” ? »";"« Ce que t'as entouré, c'est à toi. Personne peut te l'enlever. »";"Un objectif de résultat (gagner, avoir 90 %) dépend en partie des autres. Un objectif d'effort ne dépend que de lui. Le second protège de la déception et fait durer la motivation.";"Nicholls, J. G. (1984). Achievement motivation: Conceptions of ability, subjective experience, task choice, and performance. Psychological Review, 91(3) (A) | Ames, C. (1992). Classrooms: Goals, structures, and student motivation. Journal of Educational Psychology, 84(3) (A) | Rotter, J. B. (1966). Generalized expectancies for internal versus external control of reinforcement. Psychological Monographs, 80(1) (A)";"Méthode S2, étapes 1 et 3 · adapté des cartes C03 et B04";"revu"
"ACT-0202";"2";"2";"pratiquer";"ANCRER";"La première marche";"Séance 2 · Mon plan";"Votre enfant découpe son objectif en marches et monte la première, ce soir.";"10|20|30";"maison";"non";"papier|crayon";"moyenne";"debout";"apres-ecole|soir|week-end";"disponible|agite";"non";"P7";"P2|P1";"objectif: Ses marches, et celle qu'il a montée";"« Pendant {duree}, on fait le premier pas de ton objectif. Pas le plan : le pas. »";"Dessinez un escalier de quatre marches. Tout en haut : ce qu'il a entouré. | Il remplit les trois marches du dessous, de la plus facile à la plus dure. | Demandez : « Laquelle tu peux faire là, maintenant ? » | Il la fait. Vous la faites avec lui si c'est possible. | Il colorie la marche.";"Un escalier. En haut : son objectif. | Il remplit les trois marches. | « Laquelle tu peux faire maintenant ? » | Il la fait. Vous l'accompagnez. | Il colorie la marche.";"Ne choisissez pas la première marche à sa place. | Ne transformez pas la marche en devoir à rendre demain. | Ne le placez pas plus haut qu'il ne se place.";"La première marche qu'il écrit est souvent trop grosse. S'il bloque au moment de la faire, demandez : « Il y a une marche plus petite, avant celle-là ? » Quand il la trouve, il vient d'apprendre à découper.";"[vecu] « Ça fait quoi, d'avoir déjà une marche de coloriée ? » | [fait] « Comment t'as su que c'était la bonne à faire en premier ? » | [ailleurs] « Un gros devoir, tu pourrais le couper en marches comme ça ? »";"« Une marche. C'est comme ça que tout se fait. »";"Un objectif précis et découpé en étapes proches est plus souvent atteint qu'un objectif vague. Réussir la première marche tout de suite fournit la preuve qu'il en est capable.";"Locke, E. A. & Latham, G. P. (2002). Building a practically useful theory of goal setting and task motivation. American Psychologist, 57(9) (A) | Papacharisis, V., Goudas, M., Danish, S. J. & Theodorakis, Y. (2005). The effectiveness of teaching a life skills program in a sport context. Journal of Applied Sport Psychology, 17(3) (A) | Bandura, A. (1977). Self-efficacy: Toward a unifying theory of behavioral change. Psychological Review, 84(2) (A)";"Méthode S2, étape 2 · adapté des cartes A06, B04 et A04";"revu"
"ACT-0203";"2";"3";"transferer";"ANCRER";"Comme dans un jeu vidéo";"Séance 2 · Et ailleurs ?";"Votre enfant découvre que sa façon de viser marche aussi hors du sport.";"10|20";"voiture|maison|exterieur";"oui";"aucun";"basse";"assis";"apres-ecole|indifferent";"fatigue|renfrogne|disponible";"oui";"P4";"P1";"phrase: Son plan « si… alors… » de la semaine";"« Question bizarre. Si tu devais devenir meilleur à un jeu cette semaine, tu ferais comment ? »";"Laissez-le expliquer sa méthode pour le jeu, en détail. Intéressez-vous pour vrai. | Relevez ce qui ressemble à ce qu'il a fait cette semaine : un but précis, une marche à la fois. | Demandez : « Et à l'école, ce serait quoi, ton niveau à passer ? » | Il formule une phrase : « Si… alors je… ».";"Il explique sa méthode. Vous écoutez. | Relevez ce qui ressemble à son escalier. | « Et à l'école, ton niveau à passer ? » | Une phrase : « Si… alors je… »";"Ne critiquez pas le jeu. Le jeu est le pont, pas le sujet. | Ne faites pas le lien à sa place : laissez-le le construire. | N'exigez pas un objectif scolaire « sérieux ». Le plus petit suffit.";"Il en sait souvent beaucoup plus sur l'amélioration qu'il n'y paraît : il découpe, il répète, il regarde des tutoriels. Il ne savait juste pas que c'était la même chose que ce que vous faites depuis lundi.";"[fait] « Qu'est-ce que tu fais, dans le jeu, quand tu bloques ? » | [ailleurs] « Cette semaine, ta phrase “si… alors”, tu vas t'en servir quand ? »";"« C'est la même tête qui joue et qui travaille. »";"Le transfert d'une compétence ne se fait pas tout seul : il faut que l'enfant construise lui-même le pont entre les deux situations. Le jeu est un terrain qu'il connaît déjà par cœur.";"Pierce, S., Gould, D. & Camiré, M. (2017). Definition and model of life skills transfer. International Review of Sport and Exercise Psychology, 10(1) (A) | Gollwitzer, P. M. & Sheeran, P. (2006). Implementation intentions and goal achievement: A meta-analysis of effects and processes. Advances in Experimental Social Psychology, 38 (A)";"Méthode S2 (débriefing de transfert) et §7.2 (exemple 8–11 ans) · créée pour P3";"revu"
"ACT-0301";"3";"1";"decouvrir";"DEVELOPPER";"Le mur des impossibles";"Séance 3 · Les preuves";"Votre enfant voit, noir sur blanc, ce qu'il sait faire et ne savait pas faire.";"10|20|30";"maison";"non";"papier|crayon";"basse";"assis";"soir|week-end";"disponible|fatigue|renfrogne";"oui";"P2";"P6";"progres: Sa liste des impossibles devenus possibles";"« Il y a un an, il y avait des trucs que tu savais pas faire. On les retrouve ? »";"Cherchez ensemble cinq choses qu'il ne savait pas faire il y a un an. | Mélangez : école, sport, maison, amis. Pas seulement du sport. | Il les écrit lui-même, en haut de la feuille : « Mes impossibles ». | Montrez la liste et demandez : « Qui a fait ça ? »";"Cinq choses impossibles il y a un an. | École, maison, amis. Pas que du sport. | Il les écrit lui-même. | « Qui a fait ça ? »";"N'écrivez pas les lignes à sa place. | Ne répondez pas vous-même à « qui a fait ça ? ». La réponse est la sienne. | N'ajoutez pas « et maintenant, il faudrait… ».";"Il va chercher des exploits, puis s'apercevoir que les vrais progrès sont petits : faire ses lacets vite, oser appeler un ami, lire un livre entier. Quand il dit « moi » à la dernière question, il vient de s'attribuer ses progrès.";"[vecu] « Qu'est-ce que ça te fait, de voir la liste en entier ? » | [fait] « Pour celle du haut, t'as fait quoi pour y arriver ? » | [ailleurs] « Il y a un truc impossible aujourd'hui qui sera sur la liste l'an prochain ? »";"« Tout ça, c'est toi qui l'as fait. Pas la chance. Toi. »";"La confiance durable vient de réussites qu'on s'attribue à soi-même. Rendre visibles des progrès oubliés, puis faire dire à l'enfant qui les a produits, fait exactement ça.";"Bandura, A. (1997). Self-efficacy: The exercise of control. W. H. Freeman (A) | Weiner, B. (1985). An attributional theory of achievement motivation and emotion. Psychological Review, 92(4) (A)";"Adapté des cartes A07, B07 · Méthode S3 (attribution causale interne)";"revu"
"ACT-0302";"3";"2";"pratiquer";"DEVELOPPER";"Le défi une fois sur trois";"Séance 3 · Un cran au-dessus";"Votre enfant réussit un défi réellement difficile pour lui, et sait pourquoi il a réussi.";"10|20|30";"maison|exterieur";"non";"boule de papier|boîte ou panier";"moyenne";"actif";"apres-ecole|week-end";"agite|disponible";"oui";"P2";"P5|P3";"phrase: Ce qu'il a fait pour réussir, dans ses mots";"« On invente un défi. Le bon défi, c'est celui que tu réussis une fois sur trois. »";"Choisissez un défi : lancer une boule de papier dans une boîte, en reculant d'un pas à chaque fois. | Il essaie trois fois. S'il réussit trois fois, on recule. S'il rate tout, on avance. | Quand c'est « une fois sur trois », on reste là et on joue. | À chaque réussite, nommez ce qu'il a fait : « t'as pris ton temps avant de lancer ». | Faites-le essayer, vous aussi, au même niveau. Pour vrai.";"Un défi. On recule d'un pas. | Trois réussites : on recule. Zéro : on avance. | Une fois sur trois : on reste. | Réussite ? Nommez ce qu'il a fait. | Vous essayez aussi. Pour vrai.";"Ne dites pas « bravo » ou « super ». Dites ce qu'il a **fait** pour réussir. | Ne le laissez pas rater dix fois « pour qu'il apprenne ». Si tout rate, on simplifie tout de suite. | Ne comptez pas les points. On cherche le bon niveau, pas un score.";"Il va vouloir reculer lui-même dès qu'il réussit : c'est le signe qu'il est dans la bonne zone. S'il s'énerve, le défi est trop dur : avancez d'un pas sans commentaire.";"[vecu] « Au moment où t'as réussi le difficile, ça faisait quoi ? » | [fait] « Qu'est-ce que t'as fait de différent sur celui-là ? » | [ailleurs] « Où, cette semaine, tu pourrais te lancer un défi un cran au-dessus ? »";"« Tu viens de réussir un truc que tu ratais il y a dix minutes. C'est toi. »";"Un défi réussi environ une fois sur trois est assez dur pour que la réussite compte, assez accessible pour qu'elle arrive. Nommer précisément ce qui a marché transforme la réussite en savoir-faire.";"Bandura, A. (1977). Self-efficacy: Toward a unifying theory of behavioral change. Psychological Review, 84(2) (A) | Csikszentmihalyi, M. (1990). Flow: The Psychology of Optimal Experience. Harper & Row (A) | Henderlong, J. & Lepper, M. R. (2002). The effects of praise on children's intrinsic motivation: A review and synthesis. Psychological Bulletin, 128(5) (A) | Règle « une fois sur trois » appliquée à la maison (B)";"Méthode S3 (règle du 1 sur 3, reconnaissance mécanistique) · adapté des cartes A08, B08";"revu"
"ACT-0303";"3";"3";"transferer";"DEVELOPPER";"L'histoire du raté";"Séance 3 · Le courage, ailleurs";"Votre enfant entend qu'un adulte a raté, a eu peur, et a recommencé.";"10|20";"voiture|maison|exterieur";"oui";"aucun";"basse";"assis";"apres-ecole|soir|indifferent";"fatigue|renfrogne|disponible";"oui";"P3";"P6";"phrase: La chose un cran au-dessus qu'il vise cette semaine";"« Je vais te raconter un truc que j'ai raté. Pas pour la leçon, juste parce que c'est vrai. »";"Racontez un vrai échec à vous : le contexte, la peur, la honte. | Racontez ce que vous avez fait ensuite. Même si ce n'était pas glorieux. | Taisez-vous. N'exigez rien. | S'il réagit, demandez : « Toi, t'as eu besoin de courage quand, cette semaine ? »";"Un vrai échec. Le vôtre. | Ce que vous avez fait ensuite. | Silence. N'exigez rien. | « T'as eu besoin de courage quand ? »";"Ne terminez pas par « alors tu vois, toi aussi tu devrais… ». Ça annule tout. | Ne choisissez pas un faux échec qui finit en triomphe. | Ne relancez pas s'il ne répond pas.";"Il va poser une question sur votre histoire, souvent inattendue (« t'avais quel âge ? », « papi a dit quoi ? »). C'est le signe qu'il s'y projette. Parfois, il raconte le sien à la suite, sans que vous demandiez.";"[vecu] « Qu'est-ce que t'as pensé, en m'écoutant ? » | [ailleurs] « Cette semaine, il y a un truc un cran au-dessus que tu pourrais oser ? »";"« Tout le monde rate. Ceux qui avancent, c'est ceux qui recommencent. »";"Voir un modèle proche traverser un échec est une source de confiance à part entière. Et la façon dont les parents parlent de l'échec façonne la façon dont l'enfant le vit.";"Haimovitz, K. & Dweck, C. S. (2016). What predicts children's fixed and growth intelligence mind-sets? Not their parents' views of intelligence but their parents' views of failure. Psychological Science, 27(6) (A) | Bandura, A. (1997). Self-efficacy: The exercise of control. W. H. Freeman (A)";"Adapté de la carte B09 · Méthode S3 (débriefing de transfert)";"revu"
"ACT-0401";"4";"1";"decouvrir";"DEVELOPPER";"La roue des six";"Séance 4 · Les six émotions";"Votre enfant reconnaît et nomme six émotions, chez vous et chez lui.";"10|20|30";"maison";"non";"aucun";"moyenne";"debout";"soir|week-end";"agite|disponible";"oui";"P4";"P1";"emotion: L'émotion qu'il a reconnue en lui cette semaine";"« Je vais mimer une émotion sans parler. Tu as six choix. Tu devines ? »";"Montrez-lui la roue dans l'app : frustration, peur, colère, joie, fierté, nervosité. | Mimez-en une, sans un mot. Il devine. | À son tour de mimer. Vous devinez. Trois tours chacun. | Demandez : « Laquelle t'as sentie cette semaine ? C'était quand ? »";"La roue : six émotions. | Vous mimez. Il devine. | Il mime. Vous devinez. | « Laquelle cette semaine ? C'était quand ? »";"Ne dites pas qu'une émotion est « mauvaise ». La colère n'est pas mal, elle est difficile à conduire. | Ne transformez pas sa réponse en enquête (« avec qui ? pourquoi ? »). | Ne corrigez pas son choix de mot. Si c'est « frustration » pour lui, c'est frustration.";"Il va rire en mimant, et hésiter entre deux mots proches (frustration ou colère, peur ou nervosité). Cette hésitation est exactement la compétence : il apprend à distinguer.";"[vecu] « Laquelle t'as trouvée la plus dure à mimer ? » | [fait] « Comment t'as su que c'était celle-là, cette semaine ? » | [ailleurs] « À l'école, laquelle revient le plus souvent ? »";"« Six mots. Tu les as tous. »";"Mettre un mot précis sur ce qu'on ressent réduit déjà son intensité. Un vocabulaire émotionnel plus fin est associé à une meilleure régulation.";"Lieberman, M. D. et al. (2007). Putting feelings into words: Affect labeling disrupts amygdala activity in response to affective stimuli. Psychological Science, 18(5) (A) | Kashdan, T. B., Barrett, L. F. & McKnight, P. E. (2015). Unpacking emotion differentiation. Current Directions in Psychological Science, 24(1) (A) | Roue limitée à six émotions (B)";"Méthode S4 (Roue des Émotions Sportives THRIVE) · adapté des cartes A10, A12";"revu"
"ACT-0402";"4";"2";"pratiquer";"DEVELOPPER";"La tour qui tombe";"Séance 4 · Nommer pendant l'action";"Votre enfant nomme ce qu'il ressent au moment où ça arrive, pas après.";"10|20|30";"maison";"non";"gobelets|livres|boîtes";"moyenne";"actif";"apres-ecole|week-end";"agite|disponible";"non";"P4";"P7|P1";"emotion: Le mot qu'il a trouvé quand la tour est tombée";"« Défi : la tour la plus haute possible, en une minute. Elle va tomber. C'est prévu. »";"Il construit une tour avec ce qu'il y a : gobelets, livres, boîtes. Une minute. | Elle tombe. Il recommence. Plusieurs fois. | Après deux chutes, demandez calmement : « Qu'est-ce qui se passe dans ta tête, là ? » | S'il ne trouve pas : « Regarde la roue. Prends un mot. Juste un. » | Il reprend. Vous ne commentez pas la tour.";"Une tour, une minute. | Elle tombe. Il recommence. | « Qu'est-ce qui se passe dans ta tête ? » | « Regarde la roue. Juste un mot. » | Il reprend. Aucun commentaire.";"Ne provoquez rien : aucune moquerie, aucune pression, aucun « t'es pas capable ». La difficulté vient de la tour. | Ne proposez pas de mot avant qu'il ait cherché le sien. | Ne réparez pas la tour à sa place et ne lui dites pas « calme-toi ».";"La frustration monte vraiment au deuxième ou troisième effondrement. Quand il dit « frustré » au lieu de taper la tour, il vient de faire la moitié du chemin : il a vu l'émotion au lieu d'être emporté.";"[vecu] « Quand elle est tombée la deuxième fois, c'était quoi, dans ton ventre ? » | [fait] « Le mot que t'as trouvé, il t'a aidé à recommencer ? » | [ailleurs] « Ce mot-là, tu l'as déjà senti en maths, quand une question était trop dure ? »";"« T'as trouvé le mot pendant que ça arrivait. C'est ça, la compétence. »";"Une émotion identifiée au moment où elle surgit peut être régulée. L'identifier après coup, à froid, ne s'entraîne pas de la même façon.";"Gottman, J. M., Katz, L. F. & Hooven, C. (1996). Parental meta-emotion philosophy and the emotional life of families. Journal of Family Psychology, 10(3) (A) | Havighurst, S. S. et al. (2010). Tuning in to Kids: improving emotion socialization practices in parents of preschool children. Journal of Child Psychology and Psychiatry, 51(12) (A) | Gross, J. J. (1998). The emerging field of emotion regulation: An integrative review. Review of General Psychology, 2(3) (A) | Exercice de la tour, transposé du tir répété (B)";"Méthode S4 (défi difficile répété, verbatims du coach) · créée pour P3";"revu"
"ACT-0403";"4";"3";"transferer";"DEVELOPPER";"Où je l'ai déjà sentie";"Séance 4 · Les émotions, ailleurs";"Votre enfant repère une émotion qu'il vit à l'école ou avec ses amis.";"10|20";"voiture|maison|exterieur";"oui";"aucun";"basse";"assis";"apres-ecole|indifferent";"fatigue|renfrogne|disponible";"oui";"P4";"P1";"emotion: L'émotion qui revient, et où";"« Je te donne ma journée en une émotion. Après, c'est ton tour. »";"Donnez votre émotion du jour, parmi les six, avec le moment exact. | Il donne la sienne. Vous répétez son mot, sans rien ajouter. | Demandez : « Elle arrive souvent, celle-là ? Où ? » | Cherchez ensemble le premier signe, avant qu'elle prenne toute la place.";"Votre émotion du jour, avec le moment. | La sienne. Répétez son mot. | « Elle arrive souvent ? Où ? » | Le tout premier signe.";"Ne cherchez pas de solution. Cette semaine, on repère, on ne règle pas. | Ne dites pas « ce n'est pas grave ». Pour lui, ça l'était. | N'enchaînez pas sur une question technique ou scolaire.";"Au début, il répond « bien » ou « normal ». Votre exemple à vous débloque la réponse : quand l'adulte nomme sa nervosité de 14 h, l'enfant ose nommer la sienne.";"[vecu] « Ça fait quoi, de le dire comme ça, en un mot ? » | [ailleurs] « La prochaine fois qu'elle arrive à l'école, tu penses que tu vas la voir venir ? »";"« Tu la vois venir, maintenant. La semaine prochaine, on apprend quoi en faire. »";"Repérer une émotion dans un autre contexte que celui où on l'a apprise est la condition du transfert. Le parent qui nomme d'abord la sienne rend l'exercice sûr.";"Pierce, S., Gould, D. & Camiré, M. (2017). Definition and model of life skills transfer. International Review of Sport and Exercise Psychology, 10(1) (A) | Gottman, J. M., Katz, L. F. & Hooven, C. (1996). Parental meta-emotion philosophy and the emotional life of families. Journal of Family Psychology, 10(3) (A)";"Adapté de la carte B11 · Méthode S4 (débriefing de transfert) et §7.2";"revu"
"ACT-0501";"5";"1";"decouvrir";"DEVELOPPER";"Deux outils, tu choisis";"Séance 5 · La respiration et la phrase";"Votre enfant essaie deux façons de se calmer et choisit la sienne.";"10|20|30";"maison";"non";"aucun";"basse";"assis";"soir|indifferent";"agite|fatigue|disponible";"oui";"P4";"P1";"outil: L'outil qu'il a choisi, et sa phrase à lui";"« Je vais te montrer deux trucs pour faire redescendre. Tu gardes celui que tu préfères. »";"Outil 1, le ballon : main sur le ventre. On gonfle en comptant jusqu'à 4, on garde un peu, on dégonfle jusqu'à 8. | Faites-le ensemble cinq fois, lentement. | Outil 2, la phrase : il invente une phrase courte qu'il se dirait avant de recommencer (« Je recommence, c'est juste un essai »). | Il l'essaie dans sa tête, trois fois. | Demandez : « Lequel est à toi ? »";"Le ballon : gonfle 4, garde, dégonfle 8. | Cinq fois, ensemble, lentement. | Il invente sa phrase de recentrage. | Trois fois, dans sa tête. | « Lequel est à toi ? »";"N'imposez pas votre phrase. Elle ne marche que si elle vient de lui. | Ne corrigez pas sa façon de respirer s'il se sent bien. | N'utilisez pas les outils comme une punition (« va respirer dans ta chambre »).";"Il va bâiller ou soupirer au troisième ou quatrième ballon. C'est le signe que le corps redescend. Et sa phrase sera souvent plus drôle, ou plus dure, que ce que vous auriez proposé. Gardez-la telle quelle.";"[vecu] « Qu'est-ce qui a changé dans ton corps, après les cinq ballons ? » | [fait] « Pourquoi t'as choisi celui-là plutôt que l'autre ? » | [ailleurs] « Ton outil, il pourrait te servir où, cette semaine ? »";"« C'est ton outil. Personne d'autre n'a le même. »";"Expirer lentement calme le corps ; une phrase courte à la première personne calme la tête. Choisir soi-même son outil augmente les chances de s'en servir.";"Zaccaro, A. et al. (2018). How breath-control can change your life: A systematic review on psycho-physiological correlates of slow breathing. Frontiers in Human Neuroscience, 12 (A) | Hatzigeorgiadis, A., Zourbanos, N., Galanis, E. & Theodorakis, Y. (2011). Self-talk and sports performance: A meta-analysis. Perspectives on Psychological Science, 6(4) (A) | Respiration 4-7-8 dans le contexte THRIVE (B)";"Méthode S5 (respiration 4-7-8, auto-talk) · adapté des cartes A14, A13";"revu"
"ACT-0502";"5";"2";"pratiquer";"DEVELOPPER";"La revanche de la tour";"Séance 5 · Agir pendant que ça monte";"Votre enfant utilise son outil au moment où la frustration arrive, et recommence.";"10|20|30";"maison";"non";"gobelets|livres|boîtes";"moyenne";"actif";"apres-ecole|week-end";"agite|disponible";"non";"P4";"P8|P7";"phrase: Ce qu'il s'est dit pour recommencer";"« Tu te souviens de la tour ? On la refait. Cette fois, t'as un outil. »";"Même défi que la semaine dernière : la tour, une minute. | Quand elle tombe, dites seulement : « Cinq secondes. Ton outil. » | Il fait son ballon ou dit sa phrase. Puis il recommence. | Refaites trois ou quatre fois. Vous ne dites plus rien après la deuxième.";"La même tour. Une minute. | Elle tombe : « Cinq secondes. Ton outil. » | Son outil. Puis il recommence. | Encore. Vous vous taisez peu à peu.";"Ne changez pas de défi : c'est le même qu'en semaine 4, exprès. | Ne lui rappelez pas son outil sur un ton agacé. Le ton compte plus que les mots. | Ne félicitez pas la tour. Remarquez l'outil : « t'as pris tes cinq secondes ».";"Au début, il utilisera l'outil pour vous faire plaisir. Vers la troisième chute, il le fera seul, parfois sans que vous le voyiez. Le jour où il recommence plus calme que la semaine dernière, notez-le : c'est une preuve pour la liste des impossibles.";"[vecu] « Par rapport à la semaine dernière, c'était pareil ou différent, dans ta tête ? » | [fait] « Qu'est-ce que tu t'es dit, pour recommencer ? » | [ailleurs] « Cette frustration-là, tu la ressens aussi ailleurs ? Ton outil marcherait là-bas ? »";"« T'as pris tes cinq secondes. Même quand ça montait. »";"S'exercer dans une situation déjà connue permet de se concentrer sur l'outil plutôt que sur la surprise. Et découvrir qu'on peut calmer son propre corps renforce la confiance.";"Bandura, A. (1977). Self-efficacy: Toward a unifying theory of behavioral change. Psychological Review, 84(2) (A) | Gross, J. J. (1998). The emerging field of emotion regulation: An integrative review. Review of General Psychology, 2(3) (A) | Réutilisation intentionnelle du même exercice (B)";"Méthode S5 (même exercice qu'en S4, réutilisé exprès) · créée pour P3";"revu"
"ACT-0503";"5";"3";"transferer";"DEVELOPPER";"Là où ça monte";"Séance 5 · Le plan pour la semaine";"Votre enfant prévoit où et quand il utilisera son outil cette semaine.";"10|20";"voiture|maison|exterieur";"oui";"aucun";"basse";"assis";"matin|apres-ecole|indifferent";"fatigue|renfrogne|disponible";"oui";"P4";"P7";"phrase: Son plan : « quand… alors je… »";"« Cette semaine, il y a sûrement un moment où ça va monter. On le cherche avant qu'il arrive ? »";"Il cherche une situation probable cette semaine : un examen, un match, une dispute, un devoir difficile. | Demandez : « Le premier signe, ce serait quoi ? » | Il complète : « Quand je sens ça, alors je… » avec son outil. | Il fait l'outil une fois, là, maintenant, pour l'entraîner.";"Une situation probable cette semaine. | « Le premier signe, ce serait quoi ? » | « Quand je sens ça, alors je… » | L'outil une fois, maintenant.";"Ne choisissez pas la situation à sa place, même si vous savez que les soupers sont tendus. | Ne lui rappelez pas son plan au moment où ça monte. Ça l'énerve davantage. | Ne demandez pas le lendemain « alors, t'as utilisé ton outil ? ».";"Il choisira peut-être une situation qui vous concerne (« quand tu me dis de ranger »). Accueillez-la sans vous défendre : c'est un signe de confiance, et c'est une vraie occasion d'entraînement.";"[fait] « Si ton outil marche pas du premier coup, tu fais quoi ? » | [ailleurs] « Et avant un examen, le ballon, ça pourrait marcher ? »";"« T'as un plan. Si ça arrive, tu sais quoi faire. »";"Décider à l'avance « quand X, alors je fais Y » rend l'action presque automatique au bon moment. C'est l'un des moyens les plus efficaces de passer de l'intention à l'acte.";"Gollwitzer, P. M. & Sheeran, P. (2006). Implementation intentions and goal achievement: A meta-analysis of effects and processes. Advances in Experimental Social Psychology, 38 (A) | Pierce, S., Gould, D. & Camiré, M. (2017). Definition and model of life skills transfer. International Review of Sport and Exercise Psychology, 10(1) (A)";"Méthode S5 (débriefing de transfert) · adapté des cartes B13, B14";"revu"
"ACT-0601";"6";"1";"decouvrir";"DEVELOPPER";"Spaghetti cru, spaghetti cuit";"Séance 6 · Le corps qui se pose";"Votre enfant sent la différence entre un corps tendu et un corps relâché, et apprend la respiration du ventre.";"10|20|30";"maison";"non";"aucun";"basse";"debout";"soir|indifferent";"agite|fatigue|disponible";"oui";"P4";"P2";"outil: Sa respiration du ventre et ses trois mots d'ancrage";"« Tu sais la différence entre un spaghetti cru et un spaghetti cuit ? Montre-moi. »";"« Spaghetti cru ! » : il raidit tout son corps cinq secondes. « Spaghetti cuit ! » : il relâche tout. | Cinq allers-retours, de plus en plus lentement. | Debout, relâché : il vide tout son air, puis inspire par le nez en gonflant le ventre. | Il expire lentement par la bouche, en comptant jusqu'à 6 ou 8. | Ajoutez : « Sens tes pieds sur le plancher. Ici, maintenant. »";"Cru : tout raide. Cuit : tout mou. | Cinq fois, de plus en plus lent. | Vider l'air. Inspirer par le ventre. | Expirer lentement, jusqu'à 6 ou 8. | « Sens tes pieds. Ici, maintenant. »";"N'allez pas vite. C'est la lenteur qui fait l'effet. | Ne corrigez pas sa respiration s'il gonfle la poitrine au début. Posez sa main sur son ventre, sans commentaire. | Ne transformez pas ça en concours de qui est le plus mou.";"Il va rire au spaghetti cru, puis ralentir tout seul. À la respiration, ses épaules vont descendre. Au « sens tes pieds », beaucoup d'enfants regardent leurs pieds : c'est exactement le but, l'attention revient au présent.";"[vecu] « Entre le cru et le cuit, qu'est-ce que t'as senti de différent ? » | [fait] « Qu'est-ce qui t'a aidé le plus à te relâcher ? » | [ailleurs] « Il y a un moment cette semaine où ton corps va être “cru” ? »";"« Tu sais comment rendre ton corps cuit. Ça marche partout. »";"Sentir la tension, puis la relâcher volontairement, apprend au corps qu'il peut redescendre sur commande. L'expiration longue et l'attention aux pieds ramènent au présent.";"Zaccaro, A. et al. (2018). How breath-control can change your life: A systematic review on psycho-physiological correlates of slow breathing. Frontiers in Human Neuroscience, 12 (A) | Jacobson, E. (1938). Progressive Relaxation. University of Chicago Press (A) | Ancrage « sens tes pieds » de la Méthode (B)";"Méthode S6 (respiration abdominale en 3 temps, scan corporel) · adapté des cartes A16, B16";"revu"
"ACT-0602";"6";"2";"pratiquer";"DEVELOPPER";"Cinq lancers, trente secondes";"Séance 6 · Sous une vraie petite pression";"Votre enfant utilise sa routine d'avant quand le temps presse.";"10|20|30";"maison|exterieur";"non";"boule de papier|boîte ou panier";"moyenne";"actif";"apres-ecole|week-end";"agite|disponible";"non";"P2";"P7|P5";"outil: Sa routine d'avant, dans l'ordre qu'il a choisi";"« Cinq lancers en trente secondes. Avant chaque lancer, trois secondes pour toi. »";"Placez la boîte à une distance où il réussit environ une fois sur trois. | Faites d'abord la routine au repos : expirer, sentir ses pieds, lancer. | Lancez le minuteur de trente secondes. Avant chaque lancer : « Expire. Tes pieds. Vas-y. » | Deuxième manche : vous dites seulement « Expire ». Troisième manche : vous ne dites plus rien.";"La boîte : une réussite sur trois. | Routine au repos : expire, pieds, lance. | Trente secondes. « Expire. Tes pieds. Vas-y. » | Puis un mot. Puis plus rien.";"Ne comptez pas les paniers à voix haute et ne gardez aucun score. | Ne dramatisez pas le chrono (« vite, vite ! »). La pression vient du temps, pas de vous. | Ne reprenez pas le guidage à la troisième manche, même s'il oublie sa routine.";"À la première manche, il voudra se précipiter et sauter la routine. À la troisième, s'il la fait sans vous, il vient de l'intérioriser. C'est ce moment-là que vous remarquez à voix haute, pas les paniers.";"[vecu] « Quand le chrono tournait, qu'est-ce qui se passait dans ton corps ? » | [fait] « À la dernière manche, t'as fait ta routine tout seul ? Ça a changé quoi ? » | [ailleurs] « Avant un examen, qu'est-ce qui serait pareil ? Qu'est-ce qui serait différent ? »";"« À la fin, t'avais plus besoin de moi. C'est le but. »";"Une technique de calme ne se transfère que si on l'a pratiquée sous pression. Réduire peu à peu le guidage fait passer la routine de l'adulte à l'enfant.";"McCarthy, P. et al. (2022), module Relaxation de l'adaptation 1:1 du programme SUPER, tel que rapporté par la Méthode THRIVE (A) | Bandura, A. (1977). Self-efficacy: Toward a unifying theory of behavioral change. Psychological Review, 84(2) (A) | Défi minuté sans score, transposé des tirs chronométrés (B)";"Méthode S6, étape 2 (tirs chronométrés avec enjeu visible) · créée pour P3";"revu"
"ACT-0603";"6";"3";"transferer";"DEVELOPPER";"Avant le grand moment";"Séance 6 · La routine, ailleurs";"Votre enfant prépare sa routine pour un vrai moment de pression de sa vie.";"10|20";"voiture|maison|exterieur";"oui";"aucun";"basse";"assis";"matin|apres-ecole|indifferent";"fatigue|renfrogne|disponible";"oui";"P7";"P4";"phrase: Le moment qu'il prépare, et sa routine pour ce moment";"« Il y a un moment stressant qui s'en vient cette semaine ? On le prépare maintenant. »";"Il nomme le moment : un examen, un oral, un match, un rendez-vous. | Demandez : « Juste avant, ton corps va faire quoi ? » | Dites : « Ça, c'est ton corps qui se prépare. Il ne te prévient pas d'un danger. » | Il répète sa routine à voix haute, pour ce moment précis : où il sera, ce qu'il fera.";"Le moment stressant de la semaine. | « Juste avant, ton corps fera quoi ? » | « C'est ton corps qui se prépare. » | Sa routine, pour ce moment précis.";"Ne dites pas « t'as pas à stresser ». Ça n'a jamais calmé personne. | Ne minimisez pas l'enjeu (« c'est juste un petit exam »). | Ne demandez pas le lendemain comment ça s'est passé, sauf s'il en parle.";"Quand vous relisez son cœur qui bat comme une préparation, beaucoup d'enfants se détendent visiblement : ils pensaient que le stress voulait dire qu'ils n'étaient pas prêts.";"[vecu] « Quand tu y penses maintenant, t'es à combien sur 10 ? » | [ailleurs] « Ta routine, tu vas la faire où exactement, ce jour-là ? »";"« Ton corps se prépare. Et toi, t'as ta routine. »";"Relire les signes du stress comme une préparation plutôt que comme une menace améliore la réponse du corps et la performance. Préparer la routine pour un moment précis augmente les chances de s'en servir.";"Jamieson, J. P., Nock, M. K. & Mendes, W. B. (2012). Mind over matter: Reappraising arousal improves cardiovascular and cognitive responses to stress. Journal of Experimental Psychology: General, 141(3) (A) | Gollwitzer, P. M. & Sheeran, P. (2006). Implementation intentions and goal achievement: A meta-analysis of effects and processes. Advances in Experimental Social Psychology, 38 (A)";"Méthode S6 (débriefing de transfert) · adapté de la carte B12";"revu"
"ACT-0701";"7";"1";"decouvrir";"DEVELOPPER";"Le podium des progrès";"Séance 7 · Se mesurer à soi";"Votre enfant nomme ses trois plus gros progrès depuis le début, et pas ses exploits.";"10|20|30";"maison";"non";"papier|crayon";"basse";"assis";"soir|week-end";"disponible|fatigue";"oui";"P3";"P1";"progres: Son podium : trois progrès, dans ses mots";"« Trois progrès à toi depuis six semaines. Pas trois victoires : trois progrès. »";"Il dessine un podium à trois marches. | Ouvrez le carnet de l'app ensemble : ses forces, son objectif, son outil, son mot. | Il place ses trois plus gros progrès sur le podium. | Il explique la première place. Vous écoutez jusqu'au bout.";"Un podium à trois marches. | Ouvrez le carnet ensemble. | Trois progrès sur le podium. | Il explique la première place.";"Ne suggérez pas un progrès qu'il n'a pas cité, même le plus évident. | Ne comparez pas avec un frère, une sœur ou un ami. | N'ajoutez pas « et maintenant, il reste à travailler… ».";"La première place est rarement un résultat. C'est souvent un outil (« je respire avant les maths ») ou une chose qu'il a osé faire. C'est la preuve qu'il commence à se mesurer à lui-même.";"[vecu] « Qu'est-ce que ça te fait, de voir les trois ensemble ? » | [fait] « Pour ta première place, qu'est-ce que t'as fait, toi, pour y arriver ? » | [ailleurs] « Lequel de ces progrès tu vois aussi à l'école ? »";"« Ces trois-là, personne te les a donnés. »";"Se comparer à soi-même plutôt qu'aux autres entretient la motivation et protège la confiance. Voir ses progrès rassemblés en fait une preuve.";"Ames, C. (1992). Classrooms: Goals, structures, and student motivation. Journal of Educational Psychology, 84(3) (A) | Bandura, A. (1997). Self-efficacy: The exercise of control. W. H. Freeman (A)";"Adapté des cartes A19, B17 · Méthode S7";"revu"
"ACT-0702";"7";"2";"pratiquer";"DEVELOPPER";"Où en est ton escalier ?";"Séance 7 · Revoir l'objectif";"Votre enfant regarde où il en est de son objectif et décide lui-même de l'ajuster.";"10|20|30";"maison";"non";"papier|crayon";"moyenne";"assis";"soir|week-end";"disponible";"non";"P1";"P7|P3";"objectif: Son objectif ajusté, et la marche où il se place";"« Ton escalier de la semaine 2, on le ressort. Tu me dis où t'en es. »";"Ressortez son escalier et sa phrase « ce qui dépend de moi ». | Il colorie la marche où il se trouve aujourd'hui. | Demandez : « L'objectif, il est encore le bon ? » | Il garde, ajuste ou change. Il décide. | Il écrit la prochaine marche, datée.";"Ressortez son escalier. | Il colorie sa marche d'aujourd'hui. | « L'objectif est encore le bon ? » | Il garde, ajuste ou change. | La prochaine marche, datée.";"Ne le placez pas plus haut ou plus bas qu'il ne se place. | Ne vivez pas un objectif changé comme un abandon. Ajuster, c'est la compétence. | Ne transformez pas la séance en bilan de ce qu'il n'a pas fait.";"Il va peut-être revoir son objectif à la baisse. C'est souvent un signe de maturité : il a découvert ce qui dépendait vraiment de lui. S'il le revoit à la hausse, laissez-le aussi.";"[vecu] « Ça fait quoi, de voir la marche où t'es ? » | [fait] « Qu'est-ce qui t'a fait avancer, depuis la semaine 2 ? » | [ailleurs] « Cette façon de revoir un objectif, ça marcherait pour tes notes ? »";"« T'as regardé où t'en étais, et t'as décidé. C'est ça, avoir un plan. »";"Évaluer ses progrès et ajuster son objectif fait partie de la fixation d'objectifs elle-même. Le faire soi-même, sans verdict extérieur, entretient la motivation autonome.";"Gould, D. & Carson, S. (2008). Life skills development through sport: Current status and future directions. International Review of Sport and Exercise Psychology, 1(1) (A) | Locke, E. A. & Latham, G. P. (2002). Building a practically useful theory of goal setting and task motivation. American Psychologist, 57(9) (A) | Deci, E. L. & Ryan, R. M. (2000). The « what » and « why » of goal pursuits. Psychological Inquiry, 11(4) (A)";"Méthode S7 (révision de la Fiche Objectif) · adapté des cartes A06, C17";"revu"
"ACT-0703";"7";"3";"transferer";"DEVELOPPER";"Ce que j'ai vu changer";"Séance 7 · Le regard du parent";"Votre enfant entend ce que vous avez remarqué de différent chez lui, dans la vie de tous les jours.";"10|20";"voiture|maison|exterieur";"oui";"aucun";"basse";"assis";"soir|indifferent";"disponible|fatigue|renfrogne";"oui";"P3";"P1";"phrase: Ce que vous avez vu changer, et sa réponse";"« J'ai remarqué quelque chose de différent chez toi ces dernières semaines. Je peux te le dire ? »";"Dites un changement précis, observé à la maison, à l'école ou ailleurs. | Donnez le moment exact : « Mardi, quand… » | Demandez : « Et toi, t'as remarqué quelque chose de différent ? » | Écoutez. Répétez ce qu'il dit, dans ses mots.";"Un changement précis que vous avez vu. | Le moment exact. | « Et toi, t'as remarqué quoi ? » | Écoutez. Répétez ses mots.";"Pas de « je suis fier de toi » seul : dites ce que vous avez **vu**. | Ne parlez pas de résultats scolaires ou sportifs. Parlez de comportements. | Ne comparez pas avec l'enfant d'avant (« avant, tu étais tellement… »).";"Il ne saura peut-être pas quoi répondre sur le moment. Beaucoup d'enfants reviennent sur la conversation plus tard, parfois le lendemain. Votre phrase fait son chemin même s'il reste silencieux.";"[vecu] « Qu'est-ce que ça t'a fait, que je l'aie remarqué ? » | [ailleurs] « Ce changement-là, il se voit où d'autre, tu penses ? »";"« Je le vois. Je voulais que tu saches que je le vois. »";"Un compliment précis, sincère et centré sur ce que l'enfant fait renforce sa motivation. Un compliment vague ou comparatif peut l'affaiblir.";"Henderlong, J. & Lepper, M. R. (2002). The effects of praise on children's intrinsic motivation: A review and synthesis. Psychological Bulletin, 128(5) (A) | Holt, N. L. et al. (2017). A grounded theory of positive youth development through sport based on results from a qualitative meta-study. International Review of Sport and Exercise Psychology, 10(1) (A)";"Méthode S7 (question au parent) et S13 (verbatim de fierté) · créée pour P3";"revu"
"ACT-0801";"8";"1";"decouvrir";"DEVELOPPER";"Mes trois personnes";"Séance 8 · Sur qui je compte";"Votre enfant sait, avant d'en avoir besoin, vers qui se tourner et pour quoi.";"10|20|30";"maison";"non";"papier|crayon";"basse";"assis";"soir|week-end";"disponible|fatigue";"oui";"P3";"P5";"personnes: Ses personnes ressources, et pour quoi chacune";"« Si ça va vraiment pas, un mardi soir, tu vas voir qui ? On fait la carte. »";"Il se dessine au milieu de la feuille. | Autour, deux ou trois personnes sur qui il peut compter. Avec leur prénom. | Pour chacune : « Elle, tu vas la voir pour quoi, exactement ? » | Cherchez ensemble au moins une personne en dehors de la maison.";"Il se dessine au milieu. | Deux ou trois personnes, avec leur prénom. | « Pour quoi, exactement ? » | Au moins une hors de la maison.";"Ne vous vexez pas de ne pas être en premier. Ce n'est pas un classement d'amour. | Ne proposez pas de noms avant qu'il ait cherché. | Ne commentez pas ses choix (« ton ami Max ? vraiment ? »).";"Il va d'abord ne mettre que la famille. En cherchant « pour quoi exactement », des adultes apparaissent : un enseignant, un entraîneur, une voisine. Plus la carte est large, mieux il est protégé.";"[vecu] « Ça fait quoi, de voir tous ces gens autour de toi ? » | [fait] « Laquelle t'as été la plus longue à trouver ? Pourquoi ? » | [ailleurs] « Cette semaine, il y a un truc pour lequel tu pourrais aller voir quelqu'un de ta carte ? »";"« T'es pas tout seul. T'as une carte, maintenant. »";"Savoir sur qui on peut compter protège, même avant d'en avoir besoin. Nommer des personnes précises, pour des besoins précis, rend la demande possible le jour venu.";"Cohen, S. & Wills, T. A. (1985). Stress, social support, and the buffering hypothesis. Psychological Bulletin, 98(2) (A) | Deci, E. L. & Ryan, R. M. (2000). The « what » and « why » of goal pursuits. Psychological Inquiry, 11(4) (A)";"Méthode S8, partie 1 · adapté des cartes A21, B20, C20";"revu"
"ACT-0802";"8";"2";"pratiquer";"DEVELOPPER";"La cabane impossible";"Séance 8 · Demander pour réussir";"Votre enfant découvre par lui-même qu'il réussit mieux en demandant.";"10|20|30";"maison";"non";"coussins|boîtes|couverture";"moyenne";"actif";"apres-ecole|week-end";"agite|disponible";"oui";"P1";"P3";"phrase: Comment il a demandé, et ce que ça a changé";"« Défi : une cabane avec les coussins et la couverture. Je suis là si t'as besoin. »";"Il construit seul. Choisissez un défi qu'on ne peut pas tenir à une seule paire de mains. | Vous restez à côté, disponible, sans rien faire. | Quand ça coince, attendez. N'aidez pas avant qu'il demande. | Quand il demande, aidez tout de suite, et exactement ce qu'il demande. | Dites : « T'as demandé. C'est exactement ce qu'il fallait faire. »";"Il construit seul. | Vous êtes là. Vous ne faites rien. | Ça coince ? Attendez sa demande. | Il demande : aidez tout de suite. | « T'as demandé. C'est ça qu'il fallait. »";"N'aidez pas avant qu'il demande. Toute l'activité est là. | Ne faites pas plus que ce qu'il demande. | Ne dites pas « fallait le dire plus tôt ».";"Il va d'abord s'acharner, puis soupirer, puis vous regarder sans rien dire. Attendez les mots. Le moment où il dit « tu peux tenir ça ? », il vient de faire ce que beaucoup d'adultes ne font pas.";"[vecu] « Avant de me demander, ça faisait quoi, dans ta tête ? » | [fait] « Qu'est-ce qui t'a fait demander, finalement ? » | [ailleurs] « Des fois, tu préfères faire tout seul même si c'est plus dur ? Où, par exemple ? »";"« Les gens qui réussissent le mieux, c'est ceux qui savent quand demander. »";"Une demande d'aide réelle, nécessaire pour réussir, s'apprend mieux qu'une demande simulée. Vivre que demander produit un résultat, sans reproche, réduit la honte associée.";"Deci, E. L. & Ryan, R. M. (2000). The « what » and « why » of goal pursuits. Psychological Inquiry, 11(4) (A) | Rickwood, D. et al. (2005). Young people's help-seeking for mental health problems. Australian e-Journal for the Advancement of Mental Health, 4(3) (A) | Normalisation de la demande d'aide (B)";"Méthode S8 (exercice où il DOIT demander la passe) · adapté des cartes A22, A20";"revu"
"ACT-0803";"8";"3";"transferer";"DEVELOPPER";"La demande de la semaine";"Séance 8 · Demander, pour vrai";"Votre enfant prépare une vraie demande à un adulte ou un ami, et la dit une fois à voix haute.";"10|20";"voiture|maison|exterieur";"oui";"aucun";"basse";"assis";"matin|apres-ecole|indifferent";"disponible|fatigue";"non";"P5";"P1|P3";"phrase: Sa demande, en une phrase";"« Une fois, j'ai demandé de l'aide et ça a tout changé. Je te raconte ? »";"Racontez une vraie fois où vous avez demandé de l'aide, et ce que ça a donné. | Demandez : « Toi, il y a un truc pour lequel t'aurais besoin de demander, en ce moment ? » | Il prépare sa demande : à qui, ce qu'il veut, pourquoi. | Il la dit une fois à voix haute, à vous, comme s'il y était.";"Votre vraie demande d'aide. | « Toi, t'aurais besoin de demander quoi ? » | À qui, quoi, pourquoi. | Il la dit une fois, à voix haute.";"N'allez pas faire la demande à sa place. Jamais, même si ça vous démange. | Ne réécrivez pas sa phrase pour la rendre « plus polie ». | Ne demandez pas le résultat après. S'il veut vous le dire, il le dira.";"Sa première version sera souvent une excuse (« désolé de déranger, mais… »). Demandez : « Et sans t'excuser, ça donnerait quoi ? » La deuxième version est la bonne.";"[vecu] « Qu'est-ce que tu crains qu'on te réponde ? » | [fait] « Et si c'est ça qu'on te répond, tu fais quoi ? » | [ailleurs] « Tu la fais quand, et où ? »";"« Quelle que soit la réponse, t'auras demandé. C'est ça qui compte. »";"Répéter une demande à voix haute et préparer la réponse à un refus diminue l'appréhension. Décider du moment et du lieu transforme l'intention en action.";"Gollwitzer, P. M. & Sheeran, P. (2006). Implementation intentions and goal achievement: A meta-analysis of effects and processes. Advances in Experimental Social Psychology, 38 (A) | Pierce, S., Gould, D. & Camiré, M. (2017). Definition and model of life skills transfer. International Review of Sport and Exercise Psychology, 10(1) (A)";"Méthode S8 (débriefing de transfert) · adapté des cartes B19, C19";"revu"
"ACT-0901";"9";"1";"decouvrir";"DEVELOPPER";"Le projecteur";"Séance 9 · Choisir où on regarde";"Votre enfant comprend que la concentration se choisit, et trouve son mot à lui.";"10|20|30";"maison";"non";"lampe de poche";"basse";"assis";"soir";"agite|disponible";"oui";"P7";"P5";"mot: Son mot de concentration";"« Éteins la lumière. Ta tête, c'est comme cette lampe de poche. Je te montre. »";"Dans la pièce sombre, il éclaire un objet. Seul cet objet existe. | Expliquez : « Ta tête marche pareil. C'est toi qui choisis ce que t'éclaires. » | Demandez : « Quand tu fais vraiment bien un truc, tu sens quoi dans ton corps ? » | Il choisit un mot très court qui dit ce feeling. Vous ne proposez rien.";"Lumière éteinte. Il éclaire un objet. | « Ta tête choisit ce qu'elle éclaire. » | « Quand tu fais bien, tu sens quoi ? » | Il choisit son mot. Aucune proposition.";"Ne proposez pas de mot, même s'il hésite longtemps. | Ne trouvez pas son mot bizarre ou ridicule. Il n'a de sens que pour lui. | Ne dites pas « tu devrais te concentrer plus à l'école ».";"Il va jouer avec la lampe, éclairer vos pieds, le plafond. Laissez-le : il comprend physiquement qu'il décide. Le mot qu'il choisit sera souvent un mot de mouvement (« vite », « glisse ») ou de sensation (« calme », « léger »).";"[vecu] « Quand t'éclairais un seul objet, le reste, il était où ? » | [fait] « Comment t'as trouvé ton mot ? » | [ailleurs] « En classe, qu'est-ce qui fait bouger ton projecteur tout seul ? »";"« Ton mot, c'est ta lampe. Tu l'allumes quand tu veux. »";"Comprendre que la concentration est un choix, et non un talent, change la façon dont l'enfant s'y prend. Un mot court, choisi par lui, sert de signal pour ramener l'attention.";"Hatzigeorgiadis, A., Zourbanos, N., Galanis, E. & Theodorakis, Y. (2011). Self-talk and sports performance: A meta-analysis. Perspectives on Psychological Science, 6(4) (A) | Csikszentmihalyi, M. (1990). Flow: The Psychology of Optimal Experience. Harper & Row (A) | Métaphore du projecteur (formulation THRIVE) (C)";"Méthode S9, étapes 1 et 2 (métaphore du projecteur, focus word) · adapté des cartes A23, B22";"revu"
"ACT-0902";"9";"2";"pratiquer";"DEVELOPPER";"Quinze secondes, ton mot";"Séance 9 · Les fenêtres d'attention";"Votre enfant reste concentré pendant de courtes fenêtres et s'entraîne à revenir.";"10|20|30";"maison";"non";"balle|cuillère";"moyenne";"debout";"apres-ecole|soir|week-end";"agite|disponible";"non";"P2";"P7|P5";"phrase: Combien de fois il est revenu";"« On fait des fenêtres de quinze secondes. Avant chacune, tu dis ton mot. Moi, je me tais. »";"Choisissez une tâche d'adresse : une balle en équilibre sur une cuillère, en marchant lentement. | Il dit son mot dans sa tête. Vous lancez quinze secondes. Silence total de votre part. | Après : « Combien de fois t'es parti ailleurs ? Et combien de fois t'es revenu ? » | Refaites trois à cinq fenêtres.";"Balle sur cuillère. Marche lente. | Son mot. Quinze secondes. Silence. | « Parti combien de fois ? Revenu combien ? » | Trois à cinq fenêtres.";"Ne parlez pas pendant la fenêtre. Votre silence fait partie de l'exercice. | Ne comptez pas les chutes de la balle. On compte les retours. | Ne présentez pas les distractions comme des fautes.";"À la première fenêtre, il dira qu'il n'est jamais parti. À la troisième, il avouera « deux fois ». C'est un progrès : il commence à remarquer quand son attention s'en va, ce qui est la condition pour la ramener.";"[vecu] « Pendant la fenêtre, t'entendais quoi, dans ta tête ? » | [fait] « Quand t'es parti ailleurs, qu'est-ce qui t'a fait revenir ? » | [ailleurs] « En classe, tu pourrais faire une fenêtre de quinze secondes quand ? »";"« T'es parti, t'es revenu. C'est exactement ça, se concentrer. »";"De courtes fenêtres d'attention, sans aide extérieure, entraînent la capacité à revenir sur la tâche. Compter les retours plutôt que les distractions protège la confiance.";"Zoogman, S., Goldberg, S. B., Hoyt, W. T. & Miller, L. (2015). Mindfulness interventions with youth: A meta-analysis. Mindfulness, 6(2) (A) | Eysenck, M. W., Derakshan, N., Santos, R. & Calvo, M. G. (2007). Anxiety and cognitive performance: Attentional control theory. Emotion, 7(2) (A) | Fenêtres de 15 à 60 secondes selon l'âge (B)";"Méthode S9, étape 3 (fenêtres de concentration guidées, silence du coach) · créée pour P3";"revu"
"ACT-0903";"9";"3";"transferer";"DEVELOPPER";"La prochaine fois en classe";"Séance 9 · Ton mot, ailleurs";"Votre enfant décide comment il utilisera son mot à l'école.";"10|20";"voiture|maison|exterieur";"oui";"aucun";"basse";"assis";"matin|apres-ecole";"fatigue|disponible|renfrogne";"oui";"P7";"P2";"phrase: Son plan pour la prochaine fois qu'il décroche";"« Ton mot, tu l'as testé à la maison. On regarde où il pourrait servir à l'école ? »";"Demandez : « En classe, c'est quand que ton projecteur part tout seul ? » | Il nomme le moment : une matière, une heure, un bruit. | Demandez : « La prochaine fois, tu feras quoi ? » | Il formule : « Quand je décroche, je dis mon mot et je reviens sur… »";"« En classe, ton projecteur part quand ? » | Le moment exact. | « La prochaine fois, tu feras quoi ? » | « Quand je décroche, je dis mon mot… »";"Ne transformez pas la conversation en reproche sur les notes ou le comportement. | Ne donnez pas la réponse. Il connaît mieux que vous sa classe. | Ne demandez pas le soir « t'as utilisé ton mot ? ».";"Il va nommer des moments très précis (« après la récré », « quand Léo parle »). Cette précision est bon signe : plus le moment est précis, plus son plan a de chances de marcher.";"[fait] « Si le mot marche pas du premier coup, tu fais quoi ? » | [ailleurs] « À part l'école, ton mot servirait où ? »";"« Tu sais quand ça part, et tu sais comment revenir. »";"Repérer à l'avance le moment où l'attention décroche, et lui associer une réponse précise, rend le transfert concret. Un outil sorti du contexte d'apprentissage devient un outil de vie.";"Gollwitzer, P. M. & Sheeran, P. (2006). Implementation intentions and goal achievement: A meta-analysis of effects and processes. Advances in Experimental Social Psychology, 38 (A) | Pierce, S., Gould, D. & Camiré, M. (2017). Definition and model of life skills transfer. International Review of Sport and Exercise Psychology, 10(1) (A)";"Méthode S9 (débriefing de transfert) · adapté des cartes B23, C21";"revu"
"ACT-1001";"10";"1";"decouvrir";"DEVELOPPER";"Le film au ralenti";"Séance 10 · Revivre de l'intérieur";"Votre enfant revit en détail un moment réussi, avec tous ses sens.";"10|20|30";"maison";"non";"aucun";"basse";"assis";"soir";"fatigue|agite|disponible";"oui";"P4";"P2";"phrase: Le détail le plus précis de son film";"« Ferme les yeux. Tu vas me passer le film de ton meilleur moment de la semaine. Au ralenti. »";"Allongé ou assis, yeux fermés. Il choisit son meilleur moment de la semaine. | Il le revit au ralenti, de l'intérieur, comme s'il y était. | Guidez par les sens : « Tu vois quoi ? Tu entends quoi ? Tu sens quoi dans tes mains ? » | Il rouvre les yeux et vous raconte le détail le plus précis.";"Yeux fermés. Son meilleur moment. | Il le revit, au ralenti. | « Tu vois, entends, sens quoi ? » | Il raconte le détail le plus précis.";"Ne le pressez pas. La visualisation lente est la seule qui fonctionne. | Ne lui demandez pas de visualiser un échec « pour s'y préparer ». | S'il dit « je vois rien », ne forcez pas : demandez ce qu'il **entend** ou ce qu'il **sent**.";"Au début, il racontera l'histoire de l'extérieur. Quand il décrit un bruit, une température, une sensation dans les mains, il est passé à l'intérieur : c'est la visualisation qui compte.";"[vecu] « Pendant le film, qu'est-ce qui était le plus réel ? » | [fait] « Comment t'as fait pour que ce soit précis ? » | [ailleurs] « Tu pourrais repasser ce film avant un moment stressant ? »";"« Ce film, il est à toi. Tu peux le repasser quand tu veux. »";"Revivre un moment réussi avec des détails sensoriels active les mêmes circuits que l'expérience réelle et rappelle à l'enfant ce dont il est capable.";"Jeannerod, M. (1994). The representing brain: Neural correlates of motor intention and imagery. Behavioral and Brain Sciences, 17(2) (A) | Zeman, A., Dewar, M. & Della Sala, S. (2015). Lives without imagery: Congenital aphantasia. Cortex, 73 (A) | Bandura, A. (1997). Self-efficacy: The exercise of control. W. H. Freeman (A)";"Adapté des cartes A25, B25 · Méthode S10, temps 1 et 2";"revu"
"ACT-1002";"10";"2";"pratiquer";"DEVELOPPER";"Vois-le, fais-le";"Séance 10 · Visualiser, puis exécuter";"Votre enfant visualise un geste juste avant de le faire, et sent la différence.";"10|20|30";"maison|exterieur";"non";"boule de papier|boîte ou panier";"moyenne";"actif";"apres-ecole|week-end";"agite|disponible";"non";"P2";"P7|P4";"phrase: Ce qu'il a senti de différent avec la visualisation";"« Avant chaque lancer, tu fermes les yeux cinq secondes et tu le vois parfait. Après, tu lances. »";"Reprenez le défi des lancers, à la distance « une fois sur trois ». | Deux lancers sans visualiser. | Puis : yeux fermés, cinq secondes. « Vois ta main, la boule, la boîte. Sens ton bras. » Il ouvre et lance. | Cinq fois de suite : visualiser, lancer. | Demandez : « Tu sens une différence quand tu l'as vu avant ? »";"Même défi, une fois sur trois. | Deux lancers sans visualiser. | Yeux fermés, cinq secondes. Puis lancer. | Cinq fois : voir, lancer. | « Une différence quand tu l'as vu ? »";"Ne comptez pas les paniers. On compare des sensations, pas des scores. | Ne dites jamais « visualise-toi meilleur que moi ». On visualise le geste, pas la victoire. | S'il n'arrive pas à voir, proposez de « sentir » le mouvement ou de dire un mot. Sans insister.";"Il dira souvent que le lancer visualisé était « plus calme » ou « plus précis », même quand il rate. Cette sensation compte plus que le résultat : c'est elle qui lui donnera envie de refaire la routine.";"[vecu] « Pendant les cinq secondes, qu'est-ce que tu voyais ou sentais ? » | [fait] « Avec ou sans visualisation, qu'est-ce qui changeait dans ton geste ? » | [ailleurs] « Un geste que tu fais souvent, où ça pourrait t'aider ? »";"« Tu l'as vu, puis tu l'as fait. C'est comme ça que les athlètes se préparent. »";"La pratique mentale combinée à la pratique physique améliore la performance plus que la pratique physique seule. Comparer avec et sans visualisation fait sentir à l'enfant que l'outil sert.";"Driskell, J. E., Copper, C. & Moran, A. (1994). Does mental practice enhance performance? Journal of Applied Psychology, 79(4) (A) | Nicholls, J. G. (1984). Achievement motivation: Conceptions of ability, subjective experience, task choice, and performance. Psychological Review, 91(3) (A) | Protocole visualisation → exécution de la Méthode (B)";"Méthode S10 (visualisation → exécution × 5) · adapté de la carte B25";"revu"
"ACT-1003";"10";"3";"transferer";"DEVELOPPER";"Te voir le faire bien";"Séance 10 · Visualiser ce qui fait peur";"Votre enfant visualise un moment qui l'inquiète, avec sa réponse, et pas seulement le problème.";"10|20";"voiture|maison|exterieur";"oui";"aucun";"basse";"assis";"soir|indifferent";"disponible|fatigue";"non";"P2";"P4";"phrase: Le moment qu'il a visualisé, et ce qu'il s'est vu faire";"« Pense à un truc qui te fait un peu peur la semaine prochaine. On va l'essayer dans ta tête. »";"Il nomme le moment : un exposé, un examen, une conversation difficile. | Yeux fermés, dix secondes. « Vois-toi le faire bien. Du début à la fin. » | Il inclut sa réponse : son souffle, son mot, ce qu'il dit. | Il ouvre les yeux. « Qu'est-ce que tu as vu ? »";"Un moment qui fait un peu peur. | Yeux fermés. Te voir le faire bien. | Ton souffle, ton mot, tes phrases. | « Qu'est-ce que tu as vu ? »";"Ne vous arrêtez pas au problème. Une visualisation qui s'arrête là augmente l'inquiétude. | Ne choisissez pas le moment à sa place. | Ne forcez pas s'il ne voit rien : il peut se le raconter à voix haute.";"Au début, l'image va dérailler au moment le plus stressant. S'il le dit, c'est une excellente information : il sait exactement où préparer sa réponse. Refaites en commençant juste avant ce moment.";"[vecu] « À quel moment l'image est devenue floue ? » | [fait] « Qu'est-ce que tu t'es vu faire, à ce moment-là ? » | [ailleurs] « Le jour venu, tu repasseras ce film quand ? »";"« Tu l'as déjà fait une fois. Dans ta tête, ça compte. »";"Répéter mentalement une situation redoutée avec sa propre réponse prépare l'action et réduit l'appréhension. Visualiser seulement le problème, lui, l'augmente.";"Pierce, S., Gould, D. & Camiré, M. (2017). Definition and model of life skills transfer. International Review of Sport and Exercise Psychology, 10(1) (A) | Oettingen, G. (2012). Future thought and behaviour change. European Review of Social Psychology, 23(1) (A) | Driskell, J. E., Copper, C. & Moran, A. (1994). Does mental practice enhance performance? Journal of Applied Psychology, 79(4) (A)";"Méthode S10 (débriefing de transfert « le plus puissant du programme ») · adapté des cartes B26, C12";"revu"
"ACT-1101";"11";"1";"decouvrir";"INTEGRER";"L'inventaire";"Séance 11 · Nommer ses outils";"Votre enfant nomme lui-même tous les outils qu'il a acquis, dans ses mots.";"10|20|30";"maison";"non";"papier|crayon|boîte";"basse";"assis";"soir|week-end";"disponible|fatigue";"oui";"P6";"P3|P4";"outil: Sa liste d'outils, nommés par lui";"« T'as appris plein de trucs depuis dix semaines. Je te parie que t'en oublies. On fait l'inventaire ? »";"Ouvrez le carnet de l'app : il y retrouve ce qu'il a gardé semaine après semaine. | Pour chaque outil, il écrit un papier, avec **son** nom pour l'outil. | Sous chaque nom : « Je m'en sers quand… » | Les papiers vont dans une boîte à son nom.";"Ouvrez le carnet ensemble. | Un papier par outil. Son nom à lui. | « Je m'en sers quand… » | Tout va dans sa boîte.";"N'ajoutez pas vos propres conseils dans la boîte. Seulement les siens. | Ne renommez pas ses outils avec les mots de l'app. | Ne signalez pas un outil qu'il a oublié. S'il ne le cite pas, c'est qu'il ne s'en sert pas encore.";"Il va rebaptiser des outils (« le ballon » devient « mon truc de ventre »). C'est exactement ce qu'on cherche : un outil qu'il renomme est un outil qu'il s'est approprié.";"[vecu] « Qu'est-ce que ça te fait, de voir tout ce que t'as dans ta boîte ? » | [fait] « Lequel tu utilises le plus, sans même y penser ? » | [ailleurs] « Lequel t'aimerais essayer ailleurs cette semaine ? »";"« Tout ça, c'est à toi. Tu l'emportes partout. »";"Nommer soi-même ses compétences, et dire quand on s'en sert, est la condition du transfert conscient. Le jeune passe de « j'ai fait des activités » à « j'ai des outils ».";"Pierce, S., Gould, D. & Camiré, M. (2017). Definition and model of life skills transfer. International Review of Sport and Exercise Psychology, 10(1) (A) | Holt, N. L. et al. (2017). A grounded theory of positive youth development through sport based on results from a qualitative meta-study. International Review of Sport and Exercise Psychology, 10(1) (A)";"Méthode S11 (Carte Ma Boîte à Outils) · adapté des cartes A27, B27";"revu"
"ACT-1102";"11";"2";"pratiquer";"INTEGRER";"La routine complète";"Séance 11 · Trois outils en un";"Votre enfant enchaîne souffle, mot et image avant d'agir, sans votre aide.";"10|20|30";"maison|exterieur";"non";"boule de papier|boîte ou panier";"moyenne";"actif";"apres-ecole|week-end";"agite|disponible";"non";"P4";"P7|P2";"outil: Sa routine complète, dans son ordre à lui";"« Tes trois outils, on les met à la suite. Ça fait une routine d'athlète. »";"Rappelez les trois : expirer et sentir ses pieds · dire son mot · se voir réussir. | Il les enchaîne une fois au calme, lentement. | Reprenez le défi des lancers. Avant chaque lancer : sa routine complète. | Au bout de trois lancers, vous ne dites plus rien. | Il la fait une dernière fois les yeux ouverts, en trois secondes.";"Souffle et pieds. Mot. Image. | Une fois, au calme, lentement. | Routine avant chaque lancer. | Après trois lancers : silence. | Une dernière fois, en trois secondes.";"N'ajoutez pas un quatrième outil. Une routine trop longue ne se fait jamais sous pression. | Ne corrigez pas l'ordre s'il le change. Son ordre à lui est le bon. | Ne comptez pas les réussites.";"Au début, la routine prend quinze secondes. Au bout de quelques lancers, elle se compresse en trois ou quatre secondes : c'est le signe qu'elle s'automatise, ce qui est tout l'objectif.";"[vecu] « Avec la routine complète, tu te sentais comment avant de lancer ? » | [fait] « Quel outil de la routine t'aide le plus ? » | [ailleurs] « Avant quoi, dans ta vraie vie, tu pourrais faire ta routine ? »";"« Trois secondes, et t'es prêt. Partout. »";"Une routine fixe exécutée avant une action sous pression devient un réflexe. Fusionner trois outils en une seule séquence les rend plus faciles à mobiliser qu'un par un.";"Cotterill, S. (2010). Pre-performance routines in sport: Current understanding and future directions. International Review of Sport and Exercise Psychology, 3(2) (A) | Driskell, J. E., Copper, C. & Moran, A. (1994). Does mental practice enhance performance? Journal of Applied Psychology, 79(4) (A) | Fusion des trois outils THRIVE (B)";"Méthode S11 (routine pré-performance intégrée : S6 + S9 + S10) · adapté de la carte C15";"revu"
"ACT-1103";"11";"3";"transferer";"INTEGRER";"Où ailleurs";"Séance 11 · Tes outils partout";"Votre enfant trouve où chacun de ses outils peut servir, et en choisit un à tester.";"10|20";"voiture|maison|exterieur";"oui";"aucun";"basse";"assis";"apres-ecole|indifferent";"fatigue|disponible|renfrogne";"oui";"P4";"P3";"outil: L'outil qu'il teste cette semaine, et où";"« Si tes outils marchent ici, où est-ce qu'ils marcheraient aussi ? On cherche. »";"Trois endroits : l'école, les amis, la maison. | Pour chaque outil qu'il cite, il cherche un usage à chaque endroit. | Vous ne proposez rien. Vous pouvez seulement dire : « et à la maison ? » | Il en choisit **un** à tester cette semaine, à un endroit précis.";"École. Amis. Maison. | Un usage par outil, par endroit. | Vous ne proposez rien. | Il en choisit un à tester.";"Ne remplissez pas les colonnes à sa place, surtout la colonne « maison ». | Ne transformez pas l'outil choisi en obligation. | Ne demandez pas s'il l'a fait.";"Il va trouver un usage auquel vous n'aviez pas pensé (son mot avant un jeu vidéo difficile, sa respiration avant de s'endormir). C'est le transfert en direct : il construit lui-même le pont.";"[fait] « Lequel a été le plus facile à placer ailleurs ? Pourquoi ? » | [ailleurs] « Celui que tu testes, tu vas t'en servir quand exactement ? »";"« Tes outils, ils sont pas faits pour une seule place. »";"Chercher activement où utiliser ce qu'on a appris est ce qui produit le transfert. Construire le lien soi-même vaut mieux que le recevoir tout fait.";"Pierce, S., Gould, D. & Camiré, M. (2017). Definition and model of life skills transfer. International Review of Sport and Exercise Psychology, 10(1) (A) | Slamecka, N. J. & Graf, P. (1978). The generation effect: Delineation of a phenomenon. Journal of Experimental Psychology: Human Learning and Memory, 4(6) (A)";"Adapté des cartes B28, C28 · Méthode S11";"revu"
"ACT-1201";"12";"1";"decouvrir";"INTEGRER";"La mission secrète";"Séance 12 · Contribuer";"Votre enfant découvre la fierté d'aider quelqu'un sans que ça se voie.";"10|20|30";"partout";"non";"aucun";"basse";"debout";"matin|apres-ecole|week-end";"disponible|agite|renfrogne";"oui";"P5";"P3";"phrase: Sa mission, et ce que ça lui a fait";"« Mission secrète. Tu fais un truc utile pour quelqu'un, et personne doit s'en apercevoir. »";"Cherchez ensemble trois idées de missions discrètes : ranger un truc, préparer quelque chose, laisser un mot. | Il en choisit une. Il a dix minutes, ou la journée. | Il l'exécute. Vous ne l'aidez pas, vous ne la surveillez pas. | Il vous la raconte, à vous seulement.";"Trois idées de missions discrètes. | Il en choisit une. | Il l'exécute. Seul. | Il vous la raconte. À vous seul.";"Ne racontez pas la mission à toute la famille au souper. C'est secret, c'est tout l'effet. | Ne notez pas la qualité de la mission. | Ne transformez pas la mission en tâche ménagère déguisée.";"Il va guetter la réaction de la personne, et être étonnamment content qu'elle ne sache pas. Cette satisfaction qui ne dépend du regard de personne est exactement ce qu'on cherche.";"[vecu] « Ça fait quoi, d'avoir aidé sans que personne le sache ? » | [fait] « Comment t'as choisi ta mission ? » | [ailleurs] « À l'école, t'en ferais une pour qui ? »";"« Personne le sait. Mais toi, tu le sais. »";"Contribuer au bien-être des autres est associé à plus de bien-être chez celui qui donne. Le faire en secret retire la recherche d'approbation et laisse la fierté intérieure.";"Lerner, R. M. et al. (2005). Positive youth development, participation in community youth development programs, and community contributions of fifth-grade adolescents. Journal of Early Adolescence, 25(1) (A) | Seligman, M. E. P. (2011). Flourish. Free Press (A) | Aknin, L. B., Hamlin, J. K. & Dunn, E. W. (2012). Giving leads to happiness in young children. PLoS ONE, 7(6) (A)";"Adapté de la carte A29 · Méthode S12 (contribution, 6e C du PYD)";"revu"
"ACT-1202";"12";"2";"pratiquer";"INTEGRER";"Prof d'un jour";"Séance 12 · Il vous enseigne";"Votre enfant vous enseigne un de ses outils, et vous l'apprenez pour vrai.";"10|20|30";"maison|partout";"non";"aucun";"moyenne";"debout";"soir|week-end";"disponible|agite";"oui";"P3";"P1|P5";"phrase: L'outil qu'il vous a appris, et comment il l'a expliqué";"« Pendant {duree}, c'est toi le coach. Tu m'apprends un de tes outils. Je fais exactement ce que tu dis. »";"Il choisit un outil de sa boîte : sa respiration, sa routine, son mot, les deux colonnes. | Il vous l'explique, puis vous le fait faire. | Vous exécutez pour de vrai, maladroitement, sans faire exprès d'être mauvais. | Il vous corrige. Vous recommencez jusqu'à ce qu'il soit satisfait.";"Il choisit un outil. | Il explique. Il vous fait faire. | Vous exécutez. Pour de vrai. | Il corrige. Vous recommencez.";"Ne reprenez pas le contrôle de la leçon. Vous êtes l'élève du début à la fin. | Ne corrigez pas son explication, même si elle diffère de l'app. | Ne jouez pas l'élève nul pour le faire rire : il le voit, et la leçon ne compte plus.";"Il va reprendre, mot pour mot, des phrases qu'il a entendues. Puis il va inventer ses propres explications. Le moment où il dit « non, pas comme ça, regarde », il maîtrise l'outil.";"[vecu] « Ça fait quoi, d'être le coach ? » | [fait] « Qu'est-ce qui était le plus dur à expliquer ? » | [ailleurs] « Qui d'autre aurait besoin de cet outil, tu penses ? »";"« Merci. Tu me l'as vraiment appris. »";"Expliquer une compétence à quelqu'un d'autre la consolide chez celui qui explique. Et passer du rôle d'élève à celui de coach change la façon dont l'enfant se voit.";"Nestojko, J. F., Bui, D. C., Kornell, N. & Bjork, E. L. (2014). Expecting to teach enhances learning and organization of knowledge in free recall of text passages. Memory & Cognition, 42(7) (A) | Fiorella, L. & Mayer, R. E. (2013). The relative benefits of learning by teaching and teaching expectancy. Contemporary Educational Psychology, 38(4) (A)";"Adapté de la carte A30 · Méthode S12 (le jeune dirige et explique la consigne)";"revu"
"ACT-1203";"12";"3";"transferer";"INTEGRER";"Qui d'autre en a besoin ?";"Séance 12 · Transmettre";"Votre enfant repère quelqu'un à qui un de ses outils pourrait servir.";"10|20";"voiture|maison|exterieur";"oui";"aucun";"basse";"assis";"apres-ecole|indifferent";"fatigue|disponible|renfrogne";"oui";"P3";"P5";"personnes: La personne à qui il pense, et l'outil";"« Il y a quelqu'un autour de toi qui aurait besoin d'un de tes outils ? »";"Il pense à quelqu'un : un frère, une amie, un coéquipier, un élève plus jeune. | Demandez : « Lequel de tes outils l'aiderait ? Pourquoi ? » | Demandez : « Tu lui expliquerais comment, en une phrase ? » | Il décide s'il le fait, et quand. Il peut aussi décider que non.";"Quelqu'un autour de toi. | « Quel outil l'aiderait ? Pourquoi ? » | « Tu l'expliquerais comment ? » | Il décide s'il le fait.";"N'organisez pas la rencontre à sa place. | Ne choisissez pas la personne pour lui. | Ne vérifiez pas ensuite s'il l'a fait.";"Il pensera souvent à quelqu'un qui vit exactement ce qu'il vivait au début du programme. C'est la preuve qu'il voit le chemin parcouru, sans que vous ayez à le lui dire.";"[vecu] « Qu'est-ce que ça fait, de penser que tu pourrais aider ? » | [ailleurs] « Si tu le fais, ce serait où, et quand ? »";"« Tu sais des choses qui peuvent aider quelqu'un. C'est pas rien. »";"Se voir capable d'aider les autres consolide l'identité construite pendant le programme. La contribution est l'aboutissement du développement positif.";"Lerner, R. M. et al. (2005). Positive youth development, participation in community youth development programs, and community contributions of fifth-grade adolescents. Journal of Early Adolescence, 25(1) (A) | Seligman, M. E. P. (2011). Flourish. Free Press (A)";"Adapté des cartes B29, C30 · Méthode S12";"revu"
"ACT-1301";"13";"1";"decouvrir";"INTEGRER";"Ce que j'ai vu";"Séance 13 · Le regard du parent";"Votre enfant entend trois forces que vous avez vues chez lui, avec la preuve de chacune.";"10|20|30";"maison";"non";"papier|stylo";"moyenne";"assis";"soir|week-end";"disponible|fatigue";"oui";"P6";"P5|P3";"forces: Ses trois forces de fin de programme, avec la preuve";"« J'ai regardé, pendant treize semaines. Voilà ce que j'ai vu. »";"Ressortez la Fiche Identité de la semaine 1 : ses trois forces de départ. | Dites trois forces que vous avez vues pendant le programme, avec une preuve pour chacune. | Commencez chaque phrase par : « Pendant ces semaines, j'ai remarqué que tu as… » | Écrivez-les à la main pour son certificat. Il les lit à voix haute.";"Ressortez sa Fiche Identité. | Trois forces vues, une preuve chacune. | « J'ai remarqué que tu as… » | À la main. Il les lit.";"Pas de « je suis fier de toi » seul : une reconnaissance précise, un comportement réel. | Ne l'imprimez pas. Écrivez-le à la main, même si votre écriture est moche. | Ne parlez pas de résultats (notes, victoires). Parlez de qui il est devenu.";"Il va comparer avec sa Fiche Identité de la semaine 1. Souvent, une force revient, et une nouvelle apparaît. Ce qu'il fait du papier (l'afficher, le ranger, le montrer) dit ce que ça représente pour lui.";"[vecu] « Qu'est-ce que ça te fait, d'entendre ça ? » | [fait] « Entre la semaine 1 et aujourd'hui, qu'est-ce qui a changé, selon toi ? » | [ailleurs] « Laquelle de ces forces tu veux emporter l'an prochain ? »";"« Ces forces-là, elles sont à toi. Elles partent pas quand le programme finit. »";"Une reconnaissance précise, sincère, venue d'un adulte important, ancre une identité positive fondée sur des faits. Revenir aux forces de départ rend le chemin visible.";"Henderlong, J. & Lepper, M. R. (2002). The effects of praise on children's intrinsic motivation: A review and synthesis. Psychological Bulletin, 128(5) (A) | Peterson, C. & Seligman, M. E. P. (2004). Character Strengths and Virtues: A Handbook and Classification. Oxford University Press (A) | Seligman, M. E. P. (2011). Flourish. Free Press (A)";"Méthode S13 (verbatim de fierté du parent, Certificat THRIVE) · adapté de la carte A32";"revu"
"ACT-1302";"13";"2";"pratiquer";"INTEGRER";"La lettre à ouvrir dans un an";"Séance 13 · Rendez-vous avec soi";"Votre enfant écrit ou dicte une lettre à lui-même, à ouvrir dans douze mois.";"10|20|30";"maison";"non";"papier|stylo";"basse";"assis";"soir|week-end";"disponible";"non";"P7";"P6|P1";"lettre: Sa lettre, scellée jusqu'au {date_ouverture}";"« Tu vas écrire au toi de dans un an. Personne va la lire, même pas moi. »";"Trois questions pour l'aider : ce que j'ai appris · ce que je veux continuer · ce que je veux devenir. | Il écrit, ou il dicte dans l'app. Vous vous éloignez s'il écrit. | Il scelle la lettre dans l'app. Elle reviendra dans un an, jour pour jour. | S'il l'écrit sur papier, il la met dans une enveloppe fermée, avec la date d'ouverture dessus.";"Appris · continuer · devenir. | Il écrit ou dicte. Vous vous éloignez. | Il scelle. Retour dans un an. | Papier : enveloppe fermée, datée.";"Ne demandez pas à la lire, ni maintenant, ni plus tard. | Ne corrigez ni le fond, ni la forme, ni l'orthographe. | Ne lui dictez pas d'objectifs « sérieux ». La lettre est à lui.";"Il va peut-être écrire trois lignes, ou trois pages. Les deux sont bons. S'il prend son temps, laissez-le : les enfants qui écrivent longtemps sont souvent ceux qui en avaient le plus besoin.";"[vecu] « Ça faisait quoi, d'écrire au toi de dans un an ? » | [ailleurs] « Tu penses que le toi de l'an prochain sera où, quand il l'ouvrira ? »";"« Dans un an, jour pour jour, tu te retrouves. »";"Écrire sur son meilleur soi possible, et se donner un rendez-vous avec soi-même, renforce le lien avec son futur et soutient le bien-être. Garder la lettre scellée préserve son authenticité.";"King, L. A. (2001). The health benefits of writing about life goals. Personality and Social Psychology Bulletin, 27(7) (A) | Hershfield, H. E. (2011). Future self-continuity: How conceptions of the future self transform intertemporal choice. Annals of the New York Academy of Sciences, 1235 (A)";"Méthode S13 (Lettre À Moi-Même dans 1 an) · adapté des cartes A34, B32, C08";"revu"
"ACT-1303";"13";"3";"transferer";"INTEGRER";"Ce que tu gardes";"Séance 13 · Bilan et fête";"Votre enfant dit ce qu'il garde des 13 semaines et décide comment on fête ça.";"10|20";"voiture|maison|exterieur";"oui";"aucun";"basse";"assis";"soir|week-end|indifferent";"disponible|fatigue|renfrogne";"oui";"P5";"P1|P3";"phrase: Ce qu'il garde, et la fête qu'il a choisie";"« Treize semaines, c'est fini. Trois questions, et après c'est toi qui décides comment on fête. »";"« Qu'est-ce qui a changé, pour toi ? » | « Qu'est-ce qui a été le plus dur ? » | « Qu'est-ce que tu gardes ? » | « On fête ça comment ? » Il choisit tout. Vous suivez, sans négocier.";"« Qu'est-ce qui a changé ? » | « Le plus dur ? » | « Qu'est-ce que tu gardes ? » | « On fête comment ? » Il décide.";"N'ajoutez pas ce que **vous** avez observé avant qu'il ait fini. Après, oui. | Ne corrigez pas son choix de fête parce qu'il est trop simple ou trop bizarre. | Ne sautez pas la fête. Le rituel de clôture fixe tout le reste.";"S'il parle de lui au présent (« je sais respirer », « je demande plus ») plutôt que de ses résultats, le programme a fait son travail. Et s'il choisit une fête qui vous inclut, c'est aussi une réponse.";"[vecu] « Si t'avais à expliquer à quelqu'un ce que t'es devenu en treize semaines, tu dirais quoi ? » | [ailleurs] « Ce que tu gardes, tu vas t'en servir où en premier ? »";"« Merci pour ces treize semaines. C'était mon moment préféré de la semaine. »";"Un rituel de clôture choisi par l'enfant marque la fin d'une étape et fixe ce qui a été vécu. Formuler ce qu'on garde transforme une expérience en identité.";"Seligman, M. E. P. (2011). Flourish. Free Press (A) | Ryan, R. M. & Deci, E. L. (2000). Self-determination theory and the facilitation of intrinsic motivation. American Psychologist, 55(1) (A) | McAdams, D. P. & McLean, K. C. (2013). Narrative identity. Current Directions in Psychological Science, 22(3) (A)";"Adapté des cartes A33, B33, C32, C33 · Méthode S13 (célébration symbolique)";"revu"
